<?xml version="1.0" encoding="UTF-8"?>
<project-private xmlns="http://www.netbeans.org/ns/project-private/1">
    <editor-bookmarks xmlns="http://www.netbeans.org/ns/editor-bookmarks/2" lastBookmarkId="0"/>
    <open-files xmlns="http://www.netbeans.org/ns/projectui-open-files/2">
        <group>
            <file>file:/C:/Users/Kevin%20Caraballo%20Rodr/Documents/NetBeansProjects/COMP1549/src/comp1549/COMP1549.java</file>
            <file>file:/C:/Users/Kevin%20Caraballo%20Rodr/Documents/NetBeansProjects/COMP1549/src/comp1549/Validation.java</file>
            <file>file:/C:/Users/Kevin%20Caraballo%20Rodr/Documents/NetBeansProjects/COMP1549/test/comp1549/ValidationIT.java</file>
            <file>file:/C:/Users/Kevin%20Caraballo%20Rodr/Documents/NetBeansProjects/COMP1549/src/comp1549/SLinkedList.java</file>
            <file>file:/C:/Users/Kevin%20Caraballo%20Rodr/Documents/NetBeansProjects/COMP1549/src/comp1549/Members.java</file>
            <file>file:/C:/Users/Kevin%20Caraballo%20Rodr/Documents/NetBeansProjects/COMP1549/src/comp1549/InputGUI.java</file>
            <file>file:/C:/Users/Kevin%20Caraballo%20Rodr/Documents/NetBeansProjects/COMP1549/src/comp1549/Coordinator.java</file>
            <file>file:/C:/Users/Kevin%20Caraballo%20Rodr/Documents/NetBeansProjects/COMP1549/src/comp1549/Message.java</file>
            <file>file:/C:/Users/Kevin%20Caraballo%20Rodr/Documents/NetBeansProjects/COMP1549/test/comp1549/CoordinatorIT.java</file>
            <file>file:/C:/Users/Kevin%20Caraballo%20Rodr/Documents/NetBeansProjects/COMP1549/src/comp1549/ChatServer.java</file>
            <file>file:/C:/Users/Kevin%20Caraballo%20Rodr/Documents/NetBeansProjects/COMP1549/src/comp1549/StringNode.java</file>
            <file>file:/C:/Users/Kevin%20Caraballo%20Rodr/Documents/NetBeansProjects/COMP1549/src/comp1549/UserTable.java</file>
            <file>file:/C:/Users/Kevin%20Caraballo%20Rodr/Documents/NetBeansProjects/COMP1549/src/comp1549/ChatClient.java</file>
            <file>file:/C:/Users/Kevin%20Caraballo%20Rodr/Documents/NetBeansProjects/COMP1549/test/comp1549/InputGUIIT.java</file>
            <file>file:/C:/Users/Kevin%20Caraballo%20Rodr/Documents/NetBeansProjects/COMP1549/test/comp1549/MembersIT.java</file>
        </group>
    </open-files>
</project-private>
